<?xml version="1.0" encoding="UTF-8"?>
<project-private xmlns="http://www.netbeans.org/ns/project-private/1">
    <editor-bookmarks xmlns="http://www.netbeans.org/ns/editor-bookmarks/2" lastBookmarkId="0"/>
    <open-files xmlns="http://www.netbeans.org/ns/projectui-open-files/2">
        <group>
            <file>file:/E:/online_learning_platform/src/com/cts/EnrollmentManagement/enrollCourse.java</file>
            <file>file:/E:/online_learning_platform/src/com/cts/exceptions/CourseNotFoundException.java</file>
            <file>file:/E:/online_learning_platform/src/com/cts/EnrollmentManagement/viewEnrollment.java</file>
            <file>file:/E:/online_learning_platform/src/com/cts/CourseManager/UpdateCourse.java</file>
            <file>file:/E:/online_learning_platform/src/com/cts/moduleManager/deleteModule.java</file>
            <file>file:/E:/online_learning_platform/src/com/cts/online/learning/platform/OnlineLearningPlatform.java</file>
            <file>file:/E:/online_learning_platform/src/com/cts/dataBaseConnection/connectDatabase.java</file>
            <file>file:/E:/online_learning_platform/src/com/cts/CourseManager/DeleteCourse.java</file>
            <file>file:/E:/online_learning_platform/src/com/cts/CourseManager/addCourse.java</file>
            <file>file:/E:/online_learning_platform/src/com/cts/moduleManager/viewModule.java</file>
            <file>file:/E:/online_learning_platform/src/com/cts/EnrollmentManagement/updateEnrollment.java</file>
            <file>file:/E:/online_learning_platform/src/com/cts/moduleManager/newModule.java</file>
            <file>file:/E:/online_learning_platform/src/com/cts/EnrollmentManagement/deleteEnrollment.java</file>
            <file>file:/E:/online_learning_platform/src/com/cts/moduleManager/updateModule.java</file>
            <file>file:/E:/online_learning_platform/src/com/cts/CourseManager/viewCourse.java</file>
        </group>
    </open-files>
</project-private>
